year,water_access_pct,sanitation_access_pct,open_defecation_pct
2000,45.36,23.65,16.92
2001,46.23,24.32,16.44
2002,47.1,25.03,15.95
2003,47.96,25.75,15.47
2004,48.83,26.47,14.99
2005,49.69,27.19,14.51
2006,50.54,27.91,14.03
2007,51.4,28.64,13.56
2008,52.25,29.36,13.09
2009,53.1,30.08,12.62
2010,53.95,30.8,12.16
2011,54.79,31.52,11.69
2012,55.63,32.25,11.23
2013,56.48,32.97,10.77
2014,57.32,33.69,10.32
2015,58.16,34.41,9.86
2016,58.99,35.14,9.41
2017,59.83,35.86,8.96
2018,60.66,36.58,8.52
2019,61.49,37.3,8.08
2020,62.32,38.02,7.64
2021,63.14,38.74,7.2
2022,63.96,39.45,6.77
2023,64.78,40.17,6.34
2024,65.6,40.88,5.91
