county,total_tests,avg_ph,ph_tests
Homabay,1,8.5,1
Embu,4,8.25,4
Marsabit,9,8.13,9
Sondu,1,8.1,1
Central,1,8.0,1
Isiolo,2,7.95,2
Machakos,86,7.84,58
Lodwar,1,7.7,1
Baringo,4,7.58,4
Meru,5,7.56,5
wajir,2,7.55,2
Migori,2,7.54,2
Somalia,4,7.51,4
Murang'a,12,7.49,12
Nakuru,8,7.47,8
Turkana,7,7.46,7
Mogadishu,3,7.46,3
Nairobi,108,7.42,102
Narok,8,7.4,6
Laikipia,1,7.4,1
Kericho,1,7.4,1
Kajiado,56,7.35,50
Bomet,4,7.33,4
Taita Taveta,2,7.3,2
Mogadishu Somalia,1,7.3,1
Wajir,7,7.24,6
Garissa,5,7.2,5
Siaya,3,7.14,3
Moshi Tanzania,1,7.13,1
Rift Valley,2,7.1,1
Iringa (Tanzania),1,7.1,1
Lokichoggio,1,7.08,1
Kisumu,2,7.08,2
Kisii,2,7.07,2
Makueni,10,7.05,4
Nyandarua,1,7.0,1
Kiambu,75,6.73,74
Nyeri,1,6.7,1
Elgeyo Marakwet,1,6.7,1
Nyamira,3,6.63,3
Kitui,15,6.61,10
Mwingi,1,6.6,1
Kirinyaga,2,6.58,2
Busia,1,6.5,1
Thika,2,6.45,2
Homa bay,1,6.4,1
Uasin Gishu,1,6.0,1
Northern Bahr-el Ghazal  [Southern Sudan],1,5.89,1
Mandera,5,5.76,5
Tharaka Nithi,1,5.63,1
Bungoma,1,5.58,1
Nyando,2,,0
Kisumu East,1,,0
