TYPE_OF_H2O,count
Borehole,188
Effluent,74
Final Effluent,24
Tap,20
Shallow well,17
Dam,15
Rain,12
Domestic,12
Spring,12
Effluent (raw),11
River,9
Raw Effluent,8
Well,4
Pond,4
City Council,4
Final effluent,3
Earth Pan,3
Waste,2
Roof catchment,2
Influent,2
Downstream,2
Tap + Borehole,1
Shallow Well,1
Dam (Rain),1
Piped water,1
EFfluent,1
Shallow Well/Borehole,1
Pan,1
Borehole 1,1
Borehole 2,1
Borehole 3,1
Observation well,1
Effluent (before river),1
Domestic (E1),1
Domestic (E2),1
Domestic (F3),1
Effluent (L1),1
Effluent (L2),1
Effluent (L3),1
Site I effluent discharge,1
Site 2 Effluent discharge point,1
Site 3 juja farm,1
Borehole (raw),1
Inlet (S1),1
Effluent (raw) (A),1
Final Effluent (B),1
Effluent inlet,1
Outlet,1
Drinking,1
Raw water,1
Waste water (inlet),1
Effluent (outlet),1
B/H - Shallow well,1
Well Spring,1
Influent/Effluent/Primary Clarifier,1
Water Tank,1
Earth dam,1
Earth pan,1
Surface water,1
Piped Water,1
Tank,1
Mix CC/BH,1
Lake,1
Tap - (B/H/C.C),1
