dataset_title,resource_name,format,url
Kenya - Water Sanitation Coverage of the Athi River Water and Service board,Water_Sanitation_Coverage_of_the_Athi_River_Water_and_Service_board.csv,CSV,https://data.humdata.org/dataset/894423fd-c845-4e8c-95b0-571f1f0a204c/resource/99ecb394-806b-495c-b81f-b1aa39816be1/download/water_sanitation_coverage_of_the_athi_river_water_and_service_board.csv
"Selected Water, Sanitation and Hygiene indicators in Bomet, Taita, Taveta and Kilify (Kenya)",Indicators.xlsx,XLSX,https://data.humdata.org/dataset/bd7cc399-d491-49c1-959e-20e7ec6b4606/resource/542da7bd-43d6-4c84-8745-978ad468e97a/download/indicators.xlsx
Kenya - KEWI Water test  results,KEWI_water_test_and_results.csv,CSV,https://data.humdata.org/dataset/7d9a8f42-6f99-47ea-9b38-fc170f1b669a/resource/a0adb8a6-07a6-4abd-8081-47b8b13a4df0/download/kewi_water_test_and_results.csv
Kenya - Water service providers performance,Overall Performance of the Water Services Sector.xlsx,XLSX,https://data.humdata.org/dataset/a9279eee-2747-4b6f-a3c6-a62b2ae4001c/resource/a8056532-4fff-445f-bb2b-51577ae1d5fc/download/overall-performance-of-the-water-services-sector.xlsx
Kenya - Water service providers performance,Overall Ranking and Ranking by Category for Publicly-Owned utilities.xlsx,XLSX,https://data.humdata.org/dataset/a9279eee-2747-4b6f-a3c6-a62b2ae4001c/resource/5d809686-833e-4e2f-8ff5-fa7eb3fd4d27/download/overall-ranking-and-ranking-by-category-for-publicly-owned-utilities.xlsx
Kenya - Water service providers performance,Overall Top and Bottom Ten Utilities.xlsx,XLSX,https://data.humdata.org/dataset/a9279eee-2747-4b6f-a3c6-a62b2ae4001c/resource/e4e0f67e-1ed3-4df5-9862-39eaf3d7464e/download/overall-top-and-bottom-ten-utilities.xlsx
Kenya - Water service providers performance,Performance Over Time of Publicly Owned Utilities.xlsx,XLSX,https://data.humdata.org/dataset/a9279eee-2747-4b6f-a3c6-a62b2ae4001c/resource/8783f37d-3f0f-442b-9876-97bb1bdbfdfe/download/performance-over-time-of-publicly-owned-utilities.xlsx
Percentage of people with access to improved sanitation facilities in Kenya,Percentage of population in Kenya with access to Improved sanitation facilities.csv,CSV,https://data.humdata.org/dataset/c5ebd292-f471-4fab-bf80-d485e1d938a1/resource/62bcd8ed-f5f1-4b25-a173-9b86304be8d4/download/percentage-of-population-in-kenya-with-access-to-improved-sanitation-facilities.csv
Percentage of people with access to improved sanitation facilities in Kenya,Percentage of population in Kenya with access to Improved sanitation facilities.xlsx,XLSX,https://data.humdata.org/dataset/c5ebd292-f471-4fab-bf80-d485e1d938a1/resource/75296e7b-9551-49f2-a199-964ac4dbe38a/download/percentage-of-population-in-kenya-with-access-to-improved-sanitation-facilities.xlsx
Kenya - Water Utilities creditworthiness index,Creditworthiness Index.,XLSX,https://data.humdata.org/dataset/729d11c5-cff7-42d3-a45e-cff6ea5bc1bc/resource/bef929aa-19c4-49ea-abff-abf15b7f009b/download/creditworthiness-index.xlsx
Kenya - General data on water Utilities,General Data on Utilities 2016_17.xlsx,XLSX,https://data.humdata.org/dataset/f1372836-0781-481b-baf7-1fed5bbef33f/resource/76b545bc-dcc8-4e1f-aeac-d829279ea094/download/general-data-on-utilities-2016_17.xlsx
Kenya - Access to drinking water in Bomet county,Number of people accessing improved drinking water source within 1km and 2km.xlsx,XLSX,https://data.humdata.org/dataset/e65df76d-7167-4f7d-a090-dffe792170f0/resource/af2cad4e-9b35-424d-a37d-4aafc72f8591/download/number-of-people-accessing-improved-drinking-water-source-within-1km-and-2km.xlsx
Kenya - Access to drinking water in Bomet county,Main sources of drinking water.xlsx,XLSX,https://data.humdata.org/dataset/e65df76d-7167-4f7d-a090-dffe792170f0/resource/e2bdaf6e-899b-47ed-a966-bc8c86e0032f/download/main-sources-of-drinking-water.xlsx
Kenya - Household water treatment in Bomet County,Percentage of households who reported treating water drinking water.xlsx,XLSX,https://data.humdata.org/dataset/f3692ede-9228-47dd-9183-461d85f35a40/resource/117ce659-6fe8-43fe-a7a6-bb2359c2e9b5/download/percentage-of-households-who-reported-treating-water-drinking-water.xlsx
Kenya - Household water treatment in Bomet County,Source of Drinking Water Vs Treatment.xlsx,XLSX,https://data.humdata.org/dataset/f3692ede-9228-47dd-9183-461d85f35a40/resource/9d3e0a4a-bca2-49ea-8f50-a9eadd9a3edb/download/source-of-drinking-water-vs-treatment.xlsx
Kenya - Household water treatment in Bomet County,Main sources of drinking water.xlsx,XLSX,https://data.humdata.org/dataset/f3692ede-9228-47dd-9183-461d85f35a40/resource/191ff729-4889-4c49-979b-20cc91cbe3bd/download/main-sources-of-drinking-water.xlsx
Kenya - Household water treatment in Bomet County,Existing water treatment practices.xlsx,XLSX,https://data.humdata.org/dataset/f3692ede-9228-47dd-9183-461d85f35a40/resource/fa3a9d69-db66-4617-a5a5-9a1ba21051c3/download/existing-water-treatment-practices.xlsx
Main source of drinking water in Kenya,Main source of drinking water,CSV,http://www.majidata.go.ke/dataset_dl.php?meza=H_County_WaterSupply_DrkSrc
Households  paying for the water they use in Kenya,H_County_WaterSupply_DUPay.csv,CSV,https://data.humdata.org/dataset/10ee9bdd-b63b-493e-be4a-8bbce2204b92/resource/4d962278-7ba8-4ee6-9702-fbe358755d71/download/h_county_watersupply_dupay.csv
Uganda - Data on Water sanitation and hygiene from Lira,Water sanitation and hygiene.xls,XLS,https://data.humdata.org/dataset/bc4107f0-34d4-41ab-8ec5-65689f836354/resource/126857cd-25fc-4da6-a125-759593b0d267/download/water-sanitation-and-hygiene.xls
World - Access to Improved Drinking Water and Sanitation Facilities,Access to Drinking Water and Sanitation_Country.xlsx,XLSX,https://www.dropbox.com/s/18zurpwff6jowx0/Access%20to%20Drinking%20Water%20and%20Sanitation_Country.xlsx?dl=1
Nepal - District Coverage of Water Supply and Sanitation  (2011),Districtwise-coverage-of-water-supply-and-sanitaion-csv.csv,CSV,http://data.opennepal.net/sites/all/modules/pubdlcnt/pubdlcnt.php?file=http://data.opennepal.net/sites/default/files/resources/Districtwise-coverage-of-water-supply-and-sanitaion-csv.csv&nid=2538
Percentage of population with access to improved water facilities in Kenya,Percentage of people with access to improved water sources in Kenya.csv,CSV,https://data.humdata.org/dataset/6bceaf39-48f5-46be-9798-8c13266e2c60/resource/24212ed1-1bb0-448e-947a-0b6a7c222298/download/percentage-of-people-with-access-to-improved-water-sources-in-kenya.csv
Percentage of population with access to improved water facilities in Kenya,Percentage of people with access to improved water sources in Kenya.xlsx,XLSX,https://data.humdata.org/dataset/6bceaf39-48f5-46be-9798-8c13266e2c60/resource/1cc4a518-1df2-4541-aa0b-6a9d0b53dd09/download/percentage-of-people-with-access-to-improved-water-sources-in-kenya.xlsx
Global: Proportion of population using basic sanitation services,Proportion of population using basic sanitation services (CSV),CSV,"https://sdmx.data.unicef.org/ws/public/sdmxapi/rest/data/UNICEF,WASH_HOUSEHOLDS,1.0/.WS_PPL_S-B...?format=csv"
